Name,Age,Department,Salary
David Smith,39,Marketing,69256
Eva Brown,56,Engineering,117397
Nathan Johnson,23,Engineering,68657
Hannah Martin,60,Engineering,113563
Grace Jackson,48,Marketing,98878
Steve Rodriguez,22,Product,145620
Frank Thomas,43,HR,60379
Grace Martinez,28,Engineering,89797
David Anderson,44,Sales,74671
Bob Hernandez,56,Engineering,89615
Charlie Jackson,40,Product,122397
Tina Anderson,58,Marketing,132349
Charlie Johnson,36,Product,77930
Charlie Garcia,28,Finance,76434
Olivia Anderson,32,HR,86566
Grace Rodriguez,26,Sales,123227
Frank Jackson,37,Marketing,100589
Mia Rodriguez,57,Marketing,129733
Karen Johnson,36,Product,44207
Karen Taylor,39,Engineering,67653
Steve Martinez,35,Support,105435
Mia Hernandez,31,HR,58301
Hannah Jackson,56,HR,137912
Steve Thomas,59,Finance,87447
Hannah Jones,54,Finance,51915
Bob Brown,31,Support,60969
Nathan White,26,Finance,90019
Tina Hernandez,55,HR,112512
Alice Brown,56,Product,74973
Karen Brown,40,Finance,60730
Olivia Smith,38,Sales,139871
Frank Martin,28,Product,121959
Jack Martin,60,Marketing,60032
Leo Miller,56,Product,109514
Alice White,42,Finance,42552
David Anderson,41,Marketing,47592
Hannah Thompson,27,Engineering,135932
Paul Williams,56,Product,56483
Eva Moore,57,Marketing,74741
Quincy White,49,Marketing,110686
Grace Wilson,47,Support,125180
Leo Hernandez,55,Finance,55860
Hannah Garcia,26,HR,42757
Steve Jackson,36,Sales,68864
Alice Williams,25,Marketing,48834
Bob Martinez,26,Sales,71195
Ian Moore,35,Sales,57342
Steve Thompson,52,Marketing,142841
Paul Thomas,34,Engineering,52704
Nathan Anderson,49,Finance,101213
Bob Brown,25,Finance,135448
Karen Brown,37,Marketing,64931
Rachel Hernandez,30,Finance,64050
Ian Hernandez,37,Product,49880
Olivia Jackson,28,Engineering,125477
Rachel Smith,27,Product,70982
Frank Thomas,53,Finance,68016
Mia Johnson,32,Finance,40282
Mia Rodriguez,51,HR,95444
Rachel Moore,31,Marketing,78890
Grace Johnson,59,Support,111066
Bob Martinez,25,Engineering,116569
Paul Martin,55,Marketing,47455
Quincy Williams,33,Engineering,117992
Charlie Garcia,47,Engineering,114668
Hannah Thompson,60,Engineering,121183
Charlie Thomas,59,Sales,108522
Karen Rodriguez,35,Support,133872
Karen Garcia,38,Finance,57154
Jack Hernandez,42,Product,49508
Alice Hernandez,58,Engineering,49602
Rachel Davis,54,HR,57361
Leo Williams,37,HR,77353
Frank Hernandez,56,Support,79651
Tina Martin,22,Support,147099
Rachel Wilson,28,Marketing,74664
David Brown,57,Marketing,75697
Jack White,35,Support,84942
Grace Rodriguez,54,Finance,72914
Bob Williams,49,Product,76265
Bob Smith,43,Product,57146
Ian Miller,50,Sales,132493
Nathan Jackson,22,Engineering,49862
Eva Jackson,24,Product,88393
Steve Jackson,31,Finance,56704
Bob Wilson,45,Product,45229
Leo Davis,37,Support,53473
Leo Jackson,48,Sales,138235
Eva Garcia,32,Product,146269
Frank Thomas,23,Marketing,136542
Karen Thomas,37,HR,60866
David Taylor,24,Product,101694
Hannah Davis,51,HR,80001
Hannah Garcia,23,Support,65313
Mia Martinez,39,Product,49099
Ian Anderson,54,Finance,129065
Rachel Martinez,23,Engineering,74237
Frank Thompson,38,Engineering,54208
Tina Thomas,44,Support,143078
Karen Thomas,60,Sales,55157
Mia Thompson,34,HR,45817
Nathan Smith,55,Product,110575
Grace Anderson,49,Engineering,127062
Karen White,42,Support,56334
Jack Martin,41,Support,93528
Karen Taylor,40,Sales,56683
Grace Thomas,46,Support,138059
Frank White,58,HR,93225
Rachel Smith,41,HR,67549
Nathan Thompson,60,Support,82237
Olivia Hernandez,50,Support,68010
Quincy Moore,32,Support,51114
Jack Martin,43,Engineering,147272
Hannah Wilson,36,Product,66100
Eva Smith,24,Marketing,102277
Tina Williams,51,Finance,122544
Steve Davis,46,Finance,92383
Hannah Jones,22,Product,140931
David Thomas,36,Marketing,145396
Quincy Hernandez,25,Sales,72662
David Hernandez,30,Product,100901
Quincy Jackson,60,HR,138992
Olivia White,54,Finance,148864
Rachel Hernandez,32,Support,102216
Olivia Rodriguez,37,Product,123579
Ian Martin,53,Support,71358
Ian Hernandez,26,Support,77450
Hannah Rodriguez,43,HR,110798
Charlie Jones,31,Marketing,90205
Eva Davis,26,Finance,93424
Karen Jackson,51,Finance,48161
Grace Thomas,46,Product,116556
Alice Thompson,46,Finance,40772
Leo Wilson,46,Product,149540
Nathan Jackson,56,Product,119069
Hannah Moore,36,HR,97125
Paul Smith,46,HR,127670
Mia Miller,51,Marketing,121560
Rachel Smith,47,Sales,113975
Alice Williams,49,Marketing,100515
Frank Johnson,38,Finance,82906
Grace Hernandez,42,HR,139775
Mia Rodriguez,48,HR,149433
Charlie Moore,23,Support,110702
Bob Anderson,36,Support,48993
Bob Smith,37,Marketing,149999
Alice White,31,Marketing,56544
Paul Brown,58,Marketing,100952
Ian Anderson,32,Sales,119593
David Miller,41,Engineering,115849
Alice Wilson,58,Support,89192
Mia Davis,26,Sales,130520
Hannah Brown,41,Product,129687
Tina Brown,58,Product,45383
Leo Jackson,49,Support,88571
Charlie Martin,43,Engineering,95057
Paul Brown,49,HR,123307
Olivia Jones,49,Marketing,136180
Quincy Rodriguez,56,Product,103372
Olivia Thomas,59,HR,82245
Hannah Williams,39,Finance,71963
Olivia Thompson,46,HR,43761
Paul Martinez,33,Finance,67802
Leo Rodriguez,43,HR,118139
Ian Jackson,22,Sales,65042
Charlie Garcia,48,Finance,112768
Hannah Moore,53,Finance,143931
Alice Williams,40,Marketing,93005
Hannah Wilson,59,HR,102031
Rachel Martin,44,Finance,137771
Rachel Martinez,44,Support,99473
Ian Wilson,38,Marketing,55814
Grace Martinez,29,Support,110236
Frank Davis,35,Support,103464
Ian Thompson,55,Sales,77093
David Davis,40,Marketing,87301
Frank Wilson,22,Support,110010
Eva Rodriguez,24,Engineering,112529
Jack Jones,53,Engineering,41607
Steve Wilson,52,Finance,97733
Karen Miller,25,HR,102616
David Williams,47,Finance,49710
Steve Johnson,31,Marketing,146318
Steve Wilson,27,Marketing,55525
Rachel Thomas,60,Sales,143643
Tina Garcia,55,Finance,99049
Olivia Wilson,59,Finance,80026
Steve White,25,Sales,137004
David Davis,35,HR,126563
Charlie Miller,37,Marketing,112350
Charlie Miller,22,Finance,99048
Tina Moore,40,Engineering,70340
Jack Wilson,51,Engineering,130096
Hannah Rodriguez,59,Support,145369
Grace Thomas,29,Sales,69466
Eva Rodriguez,31,Engineering,47816
Frank Wilson,60,Support,148034
Steve Wilson,50,Engineering,101433
Jack Taylor,39,Sales,110776
Paul Hernandez,27,Sales,45224
Nathan Martinez,60,HR,43390
Charlie Garcia,58,Sales,42719
Ian Thompson,24,Product,139125
Frank Moore,55,Support,97963
Ian Miller,59,Finance,123202
Paul Williams,52,HR,93523
Karen Martinez,28,Product,61079
Karen Thomas,53,HR,126846
Mia Jackson,24,Finance,51542
Karen Rodriguez,42,Engineering,141259
Mia Martin,22,Support,111118
Olivia Thomas,25,Marketing,107952
Leo White,53,Support,97939
Bob Davis,39,Sales,57172
Jack Hernandez,53,Engineering,43783
Tina Garcia,32,HR,112199
Alice Jackson,48,Engineering,69451
David Hernandez,29,Support,149070
Eva Moore,40,Sales,132459
Ian Thomas,52,Finance,71946
Olivia Jackson,31,Finance,64983
Tina Martin,30,Product,49150
Ian Thomas,43,Product,106550
Ian Smith,40,Support,79132
Steve Thompson,53,Product,59476
Olivia Jackson,52,HR,83573
Rachel Jackson,46,Finance,82176
Grace Garcia,58,Finance,70613
Nathan Johnson,42,Support,101993
Mia Taylor,31,Finance,44852
Eva Martin,59,HR,53154
Olivia Brown,55,Finance,42011
Eva Thomas,31,Engineering,101537
Ian Martinez,47,Support,50527
Karen Jackson,46,HR,122155
Paul Jackson,24,Sales,48968
Hannah Wilson,36,Support,51846
Nathan Brown,28,Finance,61805
Jack Smith,24,HR,144352
Bob Wilson,44,HR,96450
Eva Garcia,55,Finance,114177
Frank Miller,33,Engineering,119887
Mia White,37,Finance,116435
Eva Garcia,51,Support,73289
Olivia Rodriguez,22,Product,100981
Jack Jackson,32,Engineering,97898
Leo Thompson,41,Support,95615
Ian Hernandez,41,Marketing,90422
Paul Brown,37,Finance,114963
Leo Thompson,40,Support,78696
Alice Taylor,39,Engineering,114177
Bob White,53,Product,77512
Hannah White,44,Marketing,123442
Grace White,38,Support,139035
Eva Brown,24,HR,143364
Olivia Johnson,59,HR,135991
Eva Williams,40,HR,137973
Nathan Miller,34,Marketing,143089
Rachel Anderson,55,Sales,75720
Frank Rodriguez,52,Product,78684
Karen Brown,51,Engineering,58449
Hannah Taylor,57,HR,51836
Mia Smith,38,Sales,56199
Olivia Anderson,38,Sales,89941
Leo Brown,36,Finance,43280
Tina Jackson,42,Sales,69015
Charlie Hernandez,41,Support,93516
David Jones,24,Engineering,79893
Paul Brown,28,Marketing,110457
Eva Taylor,51,HR,127881
Rachel Thomas,59,Support,135236
Eva Thomas,28,Product,104139
Tina Thomas,39,Engineering,130476
Leo Davis,50,Finance,70947
Leo Brown,45,Sales,124518
Leo Johnson,47,HR,64878
David Hernandez,27,Support,67801
Tina Smith,25,Product,83713
Hannah Jones,58,Marketing,48992
Rachel Davis,59,Marketing,146568
Hannah Martinez,31,Product,118116
Alice Rodriguez,31,Marketing,110807
Ian Miller,29,Support,43379
Eva Smith,44,Product,143341
Hannah Thompson,42,Engineering,62838
Ian Johnson,30,Support,95176
Quincy Brown,26,Finance,98756
Leo Martin,59,Engineering,99245
Quincy Garcia,24,Support,142659
Quincy Wilson,51,Support,44082
Bob Moore,47,Finance,129928
David Moore,50,Engineering,50589
Karen White,31,Engineering,56540
Ian White,59,Sales,133343
Karen Taylor,60,Sales,78652
Olivia Martin,60,Finance,52999
David Jackson,35,Finance,99186
Hannah Thomas,43,Product,99441
Mia Thomas,28,HR,95936
Karen Rodriguez,45,Marketing,130023
Paul Williams,27,Product,51188
Charlie Thomas,28,Support,136835
Leo Jones,57,Engineering,116869
Rachel Jackson,43,Support,56021
Nathan Anderson,49,Product,134510
Bob Wilson,60,HR,86090
David Thompson,54,Marketing,60280
Paul Garcia,28,HR,112910
Leo Brown,39,Sales,69643
Nathan Jackson,57,Engineering,119822
Ian Smith,33,HR,132104
Jack Martinez,44,Engineering,63777
Eva Thompson,47,Engineering,58595
Alice Williams,55,Marketing,89308
Nathan Hernandez,43,Marketing,88503
Jack Martinez,58,Sales,51135
Bob Jones,32,Product,120981
Bob Williams,39,Finance,126761
Nathan Moore,60,Finance,94287
Ian Davis,54,Engineering,85242
Nathan Brown,40,Support,128930
Steve Moore,55,Support,80425
Bob Garcia,47,Sales,47180
Alice Davis,41,Marketing,140578
Eva Rodriguez,40,HR,55726
Alice Moore,49,Marketing,56932
Mia Jackson,36,Sales,113233
Leo Williams,47,Product,137260
Bob Thomas,23,Finance,50205
Karen Thompson,49,Sales,93008
Nathan Wilson,29,Finance,42733
Karen Miller,51,Product,130388
Leo Williams,49,Product,53875
Hannah Thomas,59,Finance,108676
Charlie Taylor,41,Support,84500
Hannah Martinez,32,Engineering,106910
David Martin,54,Marketing,141741
Leo Anderson,31,Marketing,53474
Eva Rodriguez,34,Marketing,118957
Eva Williams,33,Product,122306
Paul Hernandez,58,Product,115952
Olivia Thompson,42,Product,122210
Karen Jones,50,Engineering,101462
Olivia Wilson,39,Sales,47362
Leo Martin,26,HR,100521
Olivia Johnson,25,HR,149012
Jack Williams,27,Sales,117867
Quincy Taylor,51,Sales,112655
Bob Hernandez,58,Support,64672
Karen White,52,Sales,59773
Bob Hernandez,28,Product,149756
Karen Williams,54,Support,62617
Bob Garcia,50,Finance,108690
Quincy White,32,HR,88870
Jack Taylor,48,Product,84350
Tina Johnson,43,Engineering,83213
David Jackson,46,HR,73029
Tina Jones,43,Engineering,116380
Eva Anderson,41,Support,131551
Mia Jones,60,Support,51104
Jack Jackson,46,Support,143764
Karen Jones,55,Engineering,124675
Nathan Martin,45,Engineering,87526
Jack Miller,35,HR,140421
Paul Davis,36,Marketing,60308
Charlie Wilson,28,Sales,141040
Rachel Martin,24,Support,84140
Tina Jones,60,Finance,60218
Frank Miller,32,Support,97366
Bob Thomas,45,Support,134317
Hannah Hernandez,40,Product,138112
Olivia Garcia,56,Marketing,80562
Paul Davis,45,Support,114766
Olivia Hernandez,40,Product,90052
Quincy Martin,48,Marketing,147071
Grace White,30,Product,72768
Bob Moore,45,Sales,53446
Quincy Brown,40,Engineering,140023
Frank Rodriguez,50,Sales,59313
Nathan Williams,36,Product,99130
Leo Smith,48,Engineering,91964
Quincy Anderson,37,Finance,50696
Leo Garcia,23,HR,52987
Karen Jones,30,Engineering,77601
Paul Jones,52,Finance,120654
Alice Williams,23,HR,68266
Eva Jackson,60,Sales,95476
David Wilson,37,HR,55970
Bob Garcia,48,Support,144057
Tina Hernandez,26,Engineering,149666
Paul White,56,Engineering,122831
Quincy Thompson,37,Support,58818
Jack Thomas,22,Sales,86244
Hannah Thompson,48,Marketing,127080
Charlie Martin,45,Engineering,108951
Rachel Martin,54,Sales,42665
Mia Moore,24,Support,90709
Leo Rodriguez,23,HR,143352
Charlie Anderson,37,Support,126127
David Thompson,43,Marketing,45811
Leo Jackson,43,Product,124252
Frank Hernandez,52,Support,63891
Eva Williams,51,Engineering,78462
Grace Johnson,34,Engineering,81365
Jack Martin,47,Product,111176
Paul Rodriguez,24,Product,124790
Grace Wilson,44,Product,142346
Bob Martinez,39,Engineering,144771
Leo Thomas,47,Support,97637
Mia Martinez,33,Finance,130710
Paul Anderson,55,HR,145008
Charlie Thomas,27,Finance,118964
Frank Jackson,40,HR,53447
Charlie Martinez,40,HR,98447
Tina Thomas,32,Support,98183
Leo Hernandez,24,Support,86210
Tina Thomas,39,Support,143740
Bob Williams,47,HR,107251
Frank Smith,31,Product,119635
Olivia Johnson,30,Engineering,70932
Leo Anderson,46,Sales,44244
Tina Jones,50,HR,88760
Olivia Williams,58,Marketing,109397
Leo Taylor,42,Support,76528
Hannah Brown,23,Support,64385
Paul Martin,46,Sales,55435
Ian Rodriguez,50,Marketing,120199
Jack Moore,34,Engineering,57790
Charlie Hernandez,33,Support,98341
Charlie Martinez,44,Support,48511
Rachel Jackson,40,HR,60644
Frank Anderson,54,Marketing,55907
Grace Jones,37,Product,104752
Alice Anderson,57,Sales,88353
Olivia Jackson,30,Sales,51300
Charlie Wilson,47,Support,134223
Paul Martin,48,Product,93665
Steve Williams,30,HR,124192
Charlie Hernandez,51,Support,107811
Leo Jones,57,Support,117042
Frank Jones,49,Sales,47263
David Martin,31,HR,61581
Frank Martinez,36,HR,108012
Jack Williams,38,Marketing,123238
Rachel Rodriguez,30,Support,79691
Tina Jackson,27,Sales,124015
Frank Thompson,59,Marketing,62439
Tina White,43,Product,113874
Bob Smith,27,Engineering,124076
Steve Rodriguez,35,Product,114991
Nathan White,23,Finance,122203
Rachel Wilson,41,Finance,72096
Mia Wilson,51,Engineering,130257
Bob Miller,50,Finance,103471
Olivia Davis,43,Sales,58830
Karen Martinez,44,Finance,57139
Leo Martin,57,Engineering,81827
Hannah Hernandez,29,HR,98929
Hannah Jones,28,Engineering,78038
Mia White,48,Marketing,60932
Karen Thompson,42,Marketing,140023
Frank Moore,54,Finance,105373
Jack Moore,23,Engineering,91543
Quincy Hernandez,37,Marketing,116460
Leo Johnson,25,HR,104866
Tina Moore,40,Sales,41071
David Thomas,30,HR,135355
Leo Taylor,45,Engineering,92505
Bob Thompson,57,Marketing,87516
Rachel Wilson,26,Finance,106093
Olivia Jackson,39,Product,121689
Tina Brown,30,Engineering,91629
Leo Martinez,57,HR,138954
Eva Davis,60,Sales,92610
Quincy Johnson,24,Engineering,57961
Karen Moore,55,Finance,59521
Tina Martin,30,HR,120356
Karen Miller,47,Sales,136904
Jack Thompson,43,Sales,148565
Quincy Jackson,53,Support,113783
Jack Moore,23,HR,83416
David Thomas,59,HR,144432
Alice White,52,HR,125929
Steve Thompson,36,Support,46731
Steve Moore,32,Sales,122447
Tina Taylor,31,Product,129224
Hannah Johnson,58,Support,54404
Grace Smith,50,HR,94890
Eva Thomas,35,Finance,105774
Tina Moore,25,Support,58098
Quincy Davis,57,HR,126799
Paul Martin,46,HR,62699
Olivia Jackson,43,Sales,86437
Ian White,52,Marketing,72311
Ian Jackson,41,Marketing,79008
Jack Davis,53,HR,102888
Leo Jackson,39,HR,55974
Steve Jackson,46,Finance,147266
Leo Jones,40,Engineering,77700
Charlie Anderson,50,Support,73612